,items,freq
0,['INFP'],96834
1,['INTP'],89646
2,['INTP' 'INFP'],11639
3,['INTJ'],83758
4,['INTJ' 'INTP'],12858
5,['INTJ' 'INFP'],8479
6,['INFJ'],78067
7,['INFJ' 'INTJ'],10971
8,['INFJ' 'INTP'],8329
9,['INFJ' 'INFP'],12142
10,['ENTP'],72500
11,['ENTP' 'INTJ'],8368
12,['ENTP' 'INTP'],11257
13,['ENTP' 'INFJ'],7251
14,['ENTP' 'INFP'],7095
15,['ENFP'],59497
16,['ENFP' 'INTJ'],6772
17,['ENFP' 'ENTP'],9222
18,['ENFP' 'INTP'],6413
19,['ENFP' 'INFJ'],7326
20,['ENFP' 'INFP'],10116
21,['ISTP'],43076
22,['ISTP' 'INTJ'],5796
23,['ISTP' 'INTP'],7784
24,['ENTJ'],42583
25,['ENTJ' 'INTJ'],7988
26,['ENTJ' 'ENTP'],6413
27,['ENTJ' 'INTP'],5815
28,['ISFP'],31202
29,['ISFP' 'INFP'],7337
30,['ENFJ'],30902
31,['ENFJ' 'INFJ'],6270
32,['ENFJ' 'INFP'],5640
33,['ISTJ'],30611
34,['ISTJ' 'INTJ'],5999
35,['ESTP'],29315
36,['ESTP' 'ENTP'],5833
37,['ISFJ'],26928
38,['ESFP'],25650
39,['ESTJ'],24647
40,['ESFJ'],20580
