type,top_words
ENFJ,"enfj, lol, friend, thanks, infp, relationship, happy, others, back, everyone, help, post, better, fe, oh, agree, bit, haha, talk, anything"
ENFP,"enfp, lol, friend, intj, thanks, enfps, oh, back, infp, definitely, guys, everyone, haha, p, happy, post, bit, anything, better, agree"
ENTJ,"entj, intj, post, lol, point, anything, guys, types, understand, let, intp, back, better, others, everyone, mbti, agree, entp, thanks, personality"
ENTP,"entp, intp, intj, ne, anything, enfp, lol, friend, point, post, oh, back, better, thinking, years, types, interesting, everyone, agree, understand"
ESFJ,"esfj, fe, lol, intp, help, years, agree, happy, types, others, friend, thanks, definitely, anything, back, hard, mbti, personality, talking, infp"
ESFP,"esfp, thanks, enfp, lol, intj, estp, anything, personality, mbti, better, back, post, guys, entp, isfp, entj, types, using, hard, laughing"
ESTJ,"estj, infp, agree, enfp, friend, relationship, types, lol, estjs, dont, years, guy, personality, entj, anything, thanks, believe, point, day, guys"
ESTP,"estp, lol, istp, friend, entp, fun, im, anything, guess, intj, back, let, intp, point, istj, esfp, se, thanks, guys, bad"
INFJ,"friend, years, others, lol, infp, back, post, day, feeling, anything, better, world, hard, understand, thanks, intj, everyone, agree, mind, thinking"
INFP,"infp, years, friend, world, back, day, feeling, anything, post, better, thanks, happy, everyone, hard, lol, school, oh, others, bit, bad"
INTJ,"intj, post, friend, anything, point, better, back, understand, years, world, others, mind, types, thinking, intp, agree, interesting, believe, question, give"
INTP,"intp, anything, intj, thinking, post, back, mind, point, better, years, world, understand, friend, believe, day, school, bit, guess, oh, interesting"
ISFJ,"isfj, friend, definitely, others, lol, back, isfjs, help, si, post, agree, thanks, fe, types, infp, hard, better, school, bit, welcome"
ISFP,"isfp, infp, lol, friend, thanks, anything, types, happy, music, back, years, hard, school, fi, better, feeling, guys, mbti, personality, guess"
ISTJ,"istj, years, friend, back, anything, day, thanks, others, post, relationship, lol, thinking, types, last, better, school, happy, intj, guess, help"
ISTP,"istp, anything, back, years, friend, day, better, istps, talk, thinking, school, give, stuff, point, lol, bit, types, mind, last, thanks"
