comment_text,comment_controversiality,reply_to,score_category,sentiment
yes it feels like i'm finally understanding myself and knowing that i'm not the only one who feels this wayðŸ¥°,0,t3,Very High,positive
Hahaha! What?????,0,t1,Low,positive
[deleted],0,t1,Medium,negative
I'd photo my friends through the window while they were asleep and put the photos in their notebooks.,0,t3,Low,positive
"I think you may be an ENFP

Ne: dominant function;

Fi: Auxiliary function;

Te: 3rd function; 

Si: weak function;

It is because you scored low on consciousness so you are out of the xxxJ
and high on openness and agreeableness then you are probably xNFP and since you got 65% Extroversion then it should be ENFP

You could use this site to test your personality type again. it was more accurate for me than most other websites.

[careerplanner MBTI free test](https://www.careerplanner.com/MB/Free-Personality-Test2.cfm)",0,t1,Low,positive
