submission_title,num_comments,submission_year,submission_month,mbti_type_related
Choose one word and I'll type you,2335,2022,2,general
Let’s see which types use profanity most (pt.2),1788,2022,10,general
What is everyone’s Spotify wrapped top 5 artists? Write with your personality type,1698,2021,12,general
I am conduction a survey,1683,2021,11,general
State your MBTI type in the comments and then let people try to trigger you,1619,2022,2,general
Let’s see which types use profanity most,1553,2022,2,general
MBTI Would you rather,1531,2022,7,general
State four random facts about yourself and then let people guess your type,1529,2022,1,general
Tell me what you did yesterday and let me and other people guess your type,1365,2021,11,general
Tell me your personal unpopular opinion &amp; I'll guess your type :) Let's do this!,1357,2022,2,general
